{
    "vertices": [-0.215371,-0.332342,0.214726,0.226367,-0.332342,0.214726,-0.215371,-0.332342,-0.227012,0.226367,-0.332342,-0.227012,-0.215371,-0.296805,0.214726,0.226367,-0.296805,0.214726,-0.215371,-0.296805,-0.227012,0.226367,-0.296805,-0.227012,-0.215371,-0.296805,0.214726,0.226367,-0.296805,0.214726,-0.215371,-0.296805,-0.227012,0.226367,-0.296805,-0.227012,-0.215371,-0.296805,0.214726,0.226367,-0.296805,0.214726,-0.215371,-0.296805,-0.227012,0.226367,-0.296805,-0.227012,-0.215371,-0.332531,0.214726,0.226367,-0.332531,0.214726,-0.215371,-0.332531,-0.227012,0.226367,-0.332531,-0.227012,-0.215371,-0.332531,0.214726,0.226367,-0.332531,0.214726,-0.215371,-0.332531,-0.227012,0.226367,-0.332531,-0.227012,-0.274415,-0.296805,0.214726,0.285412,-0.296805,0.214726,-0.274415,-0.296805,-0.227012,0.285412,-0.296805,-0.227012,-0.215371,-0.296805,0.269522,0.226367,-0.296805,0.269522,-0.215371,-0.296805,-0.281808,0.226367,-0.296805,-0.281808,-0.447107,-0.115121,0.214726,0.458103,-0.115121,0.214726,-0.447107,-0.115121,-0.227012,0.458103,-0.115121,-0.227012,-0.215371,-0.115121,0.409787,0.226367,-0.115121,0.409787,-0.215371,-0.115121,-0.422073,0.226367,-0.115121,-0.422073,-0.447107,-0.115121,0.214726,0.458103,-0.115121,0.214726,-0.447107,-0.115121,-0.227012,0.458103,-0.115121,-0.227012,-0.215371,-0.115121,0.409787,0.226367,-0.115121,0.409787,-0.215371,-0.115121,-0.422073,0.226367,-0.115121,-0.422073,-0.119973,0.219538,0.055086,0.130969,0.219538,0.055086,-0.119973,0.219538,-0.067372,0.130969,0.219538,-0.067372,-0.055731,0.219538,0.109161,0.066727,0.219538,0.109161,-0.055731,0.219538,-0.121447,0.066727,0.219538,-0.121447,-0.119973,0.219538,0.055086,0.130969,0.219538,0.055086,-0.119973,0.219538,-0.067372,0.130969,0.219538,-0.067372,-0.055731,0.219538,0.109161,0.066727,0.219538,0.109161,-0.055731,0.219538,-0.121447,0.066727,0.219538,-0.121447,0.005498,0.292481,-0.006143],
    "uvs": [],
    "faces": [33,0,1,3,2,0,1,2,3,33,2,3,7,6,3,2,4,4,33,1,0,4,5,1,0,5,6,33,6,7,11,10,4,4,4,4,33,5,4,8,9,6,5,4,4,33,10,11,15,14,4,4,7,8,33,9,8,12,13,4,4,4,4,33,14,15,19,18,8,7,9,9,33,13,12,16,17,4,4,10,10,33,3,1,21,23,2,1,11,12,33,0,2,22,20,0,3,13,14,33,23,21,25,27,12,11,15,16,33,20,22,26,24,14,13,17,18,33,18,19,31,30,9,9,19,20,33,17,16,28,29,10,10,21,22,33,27,25,33,35,16,15,23,24,33,24,26,34,32,18,17,25,26,33,30,31,39,38,20,19,27,28,33,29,28,36,37,22,21,29,30,32,31,23,27,19,12,16,32,22,30,26,13,20,17,32,21,29,25,11,22,15,32,28,20,24,21,14,18,33,32,36,28,24,26,29,21,18,33,25,29,37,33,15,22,30,23,33,35,39,31,27,24,27,19,16,33,26,30,38,34,17,20,28,25,33,39,35,43,47,27,24,31,32,33,32,34,42,40,26,25,33,34,33,36,32,40,44,29,26,34,35,33,38,39,47,46,28,27,32,36,33,34,38,46,42,25,28,36,33,33,35,33,41,43,24,23,37,31,33,33,37,45,41,23,30,38,37,33,37,36,44,45,30,29,35,38,33,40,42,50,48,34,33,39,40,33,42,46,54,50,33,36,41,39,33,41,45,53,49,37,38,42,43,33,46,47,55,54,36,32,44,41,33,43,41,49,51,31,37,43,45,33,47,43,51,55,32,31,45,44,33,44,40,48,52,35,34,40,46,33,45,44,52,53,38,35,46,42,33,55,51,59,63,44,45,47,48,33,52,48,56,60,46,40,49,50,33,53,52,60,61,42,46,50,51,33,48,50,58,56,40,39,52,49,33,50,54,62,58,39,41,53,52,33,49,53,61,57,43,42,51,54,33,54,55,63,62,41,44,48,53,33,51,49,57,59,45,43,54,47,32,59,57,64,47,54,55,32,63,59,64,48,47,55,32,60,56,64,50,49,55,32,61,60,64,51,50,55,32,56,58,64,49,52,55,32,58,62,64,52,53,55,32,57,61,64,54,51,55,32,62,63,64,53,48,55],
    "name": "Plane.001Geometry.2",
    "normals": [-0.577349,0.577349,-0.577349,0.577349,0.577349,-0.577349,0.577349,0.577349,0.577349,-0.577349,0.577349,0.577349,0,0,1,-0.50679,-0.698416,0.505264,0.525651,-0.68923,0.498611,0.518113,-0.679342,-0.519608,-0.499344,-0.688162,-0.526353,0,0.879238,-0.476363,0,0.879238,0.476363,0.073946,0.962371,-0.261361,0.073946,0.962371,0.261361,-0.073946,0.962371,0.261361,-0.073946,0.962371,-0.261361,-0.612873,0.7257,-0.312601,-0.612873,0.7257,0.312601,0.612873,0.7257,0.312601,0.612873,0.7257,-0.312601,-0.267708,0.694784,0.667501,0.267708,0.694784,0.667501,0.267708,0.694784,-0.667501,-0.267708,0.694784,-0.667501,-0.49971,0.470656,0.727134,-0.381909,0.359722,0.851283,0.381909,0.359722,0.851283,0.49971,0.470656,0.727134,-0.120243,0.288461,0.949889,0.120243,0.288461,0.949889,0.319041,0.765374,0.558916,-0.319041,0.765374,0.558916,-0.328684,-0.394818,0.857936,-0.124699,-0.350627,0.928159,0.328684,-0.394818,0.857936,0.436842,-0.524705,0.730613,0.2678,-0.752861,0.601184,0.124699,-0.350627,0.928159,-0.436842,-0.524705,0.730613,-0.2678,-0.752861,0.601184,0.40965,-0.490127,0.769372,0.546098,-0.653401,0.524216,0.129093,-0.409284,0.903195,-0.288095,-0.913236,0.288034,-0.546098,-0.653401,0.524216,-0.129093,-0.409284,0.903195,-0.40965,-0.490127,0.769372,0.288095,-0.913236,0.288034,-0.228584,-0.483261,0.845088,-0.09183,-0.45088,0.887814,0.276528,-0.584582,0.762719,0.148228,-0.727744,0.669607,-0.148228,-0.727744,0.669607,0.228584,-0.483261,0.845088,0.09183,-0.45088,0.887814,-0.276528,-0.584582,0.762719,0,-1,0],
    "metadata": {
        "vertices": 65,
        "generator": "io_three",
        "uvs": 0,
        "version": 3,
        "faces": 59,
        "type": "Geometry",
        "normals": 56
    }
}