{
    "vertices": [-0.196444,-0.013784,0.275547,0.196444,-0.013784,0.275547,-0.196444,-0.013784,-0.275547,0.196444,-0.013784,-0.275547,-0.219453,0,0.275547,0.219453,0,0.275547,-0.219453,-0,-0.275547,0.219453,-0,-0.275547,-0.333682,0.087258,0.275547,0.333682,0.087258,0.275547,-0.333682,0.087258,-0.275547,0.333682,0.087258,-0.275547,-0.196444,0,0.316815,0.196444,0,0.316815,-0.196444,-0,-0.316815,0.196444,-0,-0.316815,-0.196444,0.087258,0.440374,0.196444,0.087258,0.440374,-0.196444,0.087258,-0.440374,0.196444,0.087258,-0.440374,-0.348196,0.108454,0.287532,0.348196,0.108454,0.287532,-0.348196,0.108454,-0.287532,0.348196,0.108454,-0.287532,-0.204989,0.108454,0.459528,0.204989,0.108454,0.459528,-0.204989,0.108454,-0.459528,0.204989,0.108454,-0.459528,-0.327778,0.130387,0.270672,0.327778,0.130387,0.270672,-0.327778,0.130387,-0.270672,0.327778,0.130387,-0.270672,-0.192969,0.130387,0.432583,0.192969,0.130387,0.432583,-0.192969,0.130387,-0.432583,0.192969,0.130387,-0.432583,-0.224203,0.208249,0.185142,0.224203,0.208249,0.185142,-0.224203,0.208249,-0.185142,0.224203,0.208249,-0.185142,-0.131992,0.208249,0.295891,0.131992,0.208249,0.295891,-0.131992,0.208249,-0.295891,0.131992,0.208249,-0.295891,-0.198419,0.232957,0.16385,0.198419,0.232957,0.16385,-0.198419,0.232957,-0.16385,0.198419,0.232957,-0.16385,-0.116813,0.232957,0.261862,0.116813,0.232957,0.261862,-0.116813,0.232957,-0.261862,0.116813,0.232957,-0.261862],
    "uvs": [],
    "faces": [33,0,1,3,2,0,1,2,3,33,3,1,5,7,2,1,4,5,33,0,2,6,4,0,3,6,7,33,7,5,9,11,5,4,8,9,33,4,6,10,8,7,6,10,11,33,2,3,15,14,3,2,12,13,33,1,0,12,13,1,0,14,15,33,14,15,19,18,13,12,16,17,33,13,12,16,17,15,14,18,19,32,3,7,15,2,5,12,32,2,14,6,3,13,6,33,6,14,18,10,6,13,17,10,32,0,4,12,0,7,14,33,8,16,12,4,11,18,14,7,32,1,13,5,1,15,4,33,5,13,17,9,4,15,19,8,33,11,19,15,7,9,16,12,5,33,19,11,23,27,16,9,20,21,33,11,9,21,23,9,8,22,20,33,17,16,24,25,19,18,23,24,33,9,17,25,21,8,19,24,22,33,18,19,27,26,17,16,21,25,33,16,8,20,24,18,11,26,23,33,8,10,22,20,11,10,27,26,33,10,18,26,22,10,17,25,27,33,23,21,29,31,20,22,28,29,33,21,25,33,29,22,24,30,28,33,22,26,34,30,27,25,31,32,33,25,24,32,33,24,23,33,30,33,20,22,30,28,26,27,32,34,33,27,23,31,35,21,20,29,35,33,24,20,28,32,23,26,34,33,33,26,27,35,34,25,21,35,31,33,35,31,39,43,35,29,36,37,33,32,28,36,40,33,34,38,39,33,34,35,43,42,31,35,37,40,33,31,29,37,39,29,28,41,36,33,29,33,41,37,28,30,42,41,33,30,34,42,38,32,31,40,43,33,33,32,40,41,30,33,39,42,33,28,30,38,36,34,32,43,38,33,41,40,48,49,42,39,44,45,33,36,38,46,44,38,43,46,47,33,43,39,47,51,37,36,48,49,33,40,36,44,48,39,38,47,44,33,42,43,51,50,40,37,49,50,33,39,37,45,47,36,41,51,48,33,37,41,49,45,41,42,45,51,33,38,42,50,46,43,40,50,46,32,44,46,50,47,46,50,32,50,51,47,50,49,48,32,47,45,49,48,51,45,32,49,48,44,45,44,47,32,44,50,47,47,50,48,32,47,49,44,48,45,47],
    "name": "PlaneGeometry",
    "normals": [0.257454,0.954283,-0.151677,-0.257454,0.954283,-0.151677,-0.257454,0.954283,0.151677,0.257454,0.954283,0.151677,-0.565203,0.801599,-0.19483,-0.565203,0.801599,0.19483,0.565203,0.801599,0.19483,0.565203,0.801599,-0.19483,-0.689322,0.695151,-0.203772,-0.689322,0.695151,0.203772,0.689322,0.695151,0.203772,0.689322,0.695151,-0.203772,-0.284371,0.84521,0.452406,0.284371,0.84521,0.452406,0.284371,0.84521,-0.452406,-0.284371,0.84521,-0.452406,-0.270425,0.746117,0.608386,0.270425,0.746117,0.608386,0.270425,0.746117,-0.608386,-0.270425,0.746117,-0.608386,-0.922727,-0.067232,0.379467,-0.42085,-0.063753,0.904874,-0.922727,-0.067232,-0.379467,0.42085,-0.063753,-0.904874,-0.42085,-0.063753,-0.904874,0.42085,-0.063753,0.904874,0.922727,-0.067232,-0.379467,0.922727,-0.067232,0.379467,-0.579577,-0.792444,-0.189978,-0.579577,-0.792444,0.189978,-0.233253,-0.837611,-0.493942,0.233253,-0.837611,0.493942,0.579577,-0.792444,0.189978,0.233253,-0.837611,-0.493942,0.579577,-0.792444,-0.189978,-0.233253,-0.837611,0.493942,-0.538865,-0.823328,0.178106,-0.212012,-0.867824,0.449324,0.538865,-0.823328,-0.178106,0.212012,-0.867824,-0.449324,0.212012,-0.867824,0.449324,-0.538865,-0.823328,-0.178106,-0.212012,-0.867824,-0.449324,0.538865,-0.823328,0.178106,0.15421,-0.93347,-0.323771,-0.15421,-0.93347,-0.323771,0.381909,-0.91821,0.104953,0.381909,-0.91821,-0.104953,-0.381909,-0.91821,0.104953,-0.15421,-0.93347,0.323771,0.15421,-0.93347,0.323771,-0.381909,-0.91821,-0.104953],
    "metadata": {
        "vertices": 52,
        "generator": "io_three",
        "uvs": 0,
        "version": 3,
        "faces": 55,
        "type": "Geometry",
        "normals": 52
    }
}