{
    "vertices": [-0.122138,-0.140802,0.204845,0.108606,-0.140802,0.20688,-0.047951,-0.140802,-0.201308,0.041596,-0.140802,-0.200518,-0.1815,-0.130143,0.201802,0.177911,-0.130143,0.204973,-0.067946,-0.130143,-0.204003,0.071534,-0.130143,-0.202772,-0.117623,-0.130143,0.254144,0.113121,-0.130143,0.256179,-0.042522,-0.130143,-0.255556,0.047024,-0.130143,-0.254767,-0.11823,-0.095144,0.322992,0.112513,-0.095144,0.325028,-0.041915,-0.095144,-0.324405,0.047632,-0.095144,-0.323615,-0.118764,-0.044974,0.383479,0.11198,-0.044974,0.385514,-0.041382,-0.044974,-0.384891,0.048165,-0.044974,-0.384102,-0.276935,-0.095144,0.20096,0.273346,-0.095144,0.205815,-0.104982,-0.095144,-0.20433,0.108571,-0.095144,-0.202446,-0.396521,-0.044974,0.199905,0.392933,-0.044974,0.20687,-0.151391,-0.044974,-0.204739,0.15498,-0.044974,-0.202036,-0.118764,0.025339,0.383479,0.11198,0.025339,0.385514,-0.041382,0.025339,-0.384891,0.048165,0.025339,-0.384102,-0.396521,0.025339,0.199905,0.392933,0.025339,0.20687,-0.151391,0.025339,-0.204739,0.15498,0.025339,-0.202036,-0.118764,0.025339,0.383479,0.11198,0.025339,0.385514,-0.041382,0.025339,-0.384891,0.048165,0.025339,-0.384102,-0.396521,0.025339,0.199905,0.392933,0.025339,0.20687,-0.151391,0.025339,-0.204739,0.15498,0.025339,-0.202036,-0.081818,0.097282,0.268831,0.077338,0.097282,0.270235,-0.028444,0.097282,-0.261152,0.033321,0.097282,-0.260608,-0.273401,0.097282,0.142212,0.271125,0.097282,0.147015,-0.104323,0.097282,-0.136892,0.106997,0.097282,-0.135028,-0.050354,0.167405,0.167236,0.047671,0.167405,0.168101,-0.01748,0.167405,-0.159183,0.020561,0.167405,-0.158847,-0.168351,0.167405,0.089251,0.167025,0.167405,0.092209,-0.064215,0.167405,-0.08265,0.065938,0.167405,-0.081502,-0.018874,0.211757,0.065589,0.017989,0.211757,0.065914,-0.006511,0.211757,-0.057161,0.007794,0.211757,-0.057035,-0.063246,0.211757,0.036262,0.062872,0.211757,0.037375,-0.024086,0.211757,-0.028381,0.024858,0.211757,-0.027949],
    "uvs": [],
    "faces": [33,0,1,3,2,0,1,2,3,33,3,1,5,7,2,1,4,5,33,0,2,6,4,0,3,6,7,33,2,3,11,10,3,2,8,9,33,1,0,8,9,1,0,10,11,33,10,11,15,14,9,8,12,13,33,9,8,12,13,11,10,14,15,33,14,15,19,18,13,12,16,17,33,13,12,16,17,15,14,18,19,33,7,5,21,23,5,4,20,21,33,4,6,22,20,7,6,22,23,33,23,21,25,27,21,20,24,25,33,20,22,26,24,23,22,26,27,32,2,10,6,3,9,6,32,3,7,11,2,5,8,33,11,7,23,15,8,5,21,12,33,15,23,27,19,12,21,25,16,33,14,22,6,10,13,22,6,9,33,18,26,22,14,17,26,22,13,33,12,20,24,16,14,23,27,18,33,8,4,20,12,10,7,23,14,32,4,8,0,7,10,0,32,1,9,5,1,11,4,33,13,21,5,9,15,20,4,11,33,17,25,21,13,19,24,20,15,33,26,18,30,34,26,17,28,29,33,18,19,31,30,17,16,30,28,33,24,26,34,32,27,26,29,31,33,19,27,35,31,16,25,32,30,33,27,25,33,35,25,24,33,32,33,17,16,28,29,19,18,34,35,33,25,17,29,33,24,19,35,33,33,16,24,32,28,18,27,31,34,33,31,35,43,39,30,32,36,37,33,32,34,42,40,31,29,38,39,33,29,28,36,37,35,34,40,41,33,33,29,37,41,33,35,41,42,33,34,30,38,42,29,28,43,38,33,35,33,41,43,32,33,42,36,33,30,31,39,38,28,30,37,43,33,28,32,40,36,34,31,39,40,33,36,40,48,44,40,39,44,45,33,39,43,51,47,37,36,46,47,33,40,42,50,48,39,38,48,44,33,37,36,44,45,41,40,45,49,33,41,37,45,49,42,41,49,50,33,42,38,46,50,38,43,51,48,33,43,41,49,51,36,42,50,46,33,38,39,47,46,43,37,47,51,33,50,46,54,58,48,51,52,53,33,51,49,57,59,46,50,54,55,33,46,47,55,54,51,47,56,52,33,44,48,56,52,45,44,57,58,33,47,51,59,55,47,46,55,56,33,48,50,58,56,44,48,53,57,33,45,44,52,53,49,45,58,59,33,49,45,53,57,50,49,59,54,33,53,52,60,61,59,58,60,61,33,57,53,61,65,54,59,61,62,33,58,54,62,66,53,52,63,64,33,59,57,65,67,55,54,62,65,33,54,55,63,62,52,56,66,63,33,52,56,64,60,58,57,67,60,33,55,59,67,63,56,55,65,66,33,56,58,66,64,57,53,64,67,32,61,60,64,61,60,67,32,64,66,62,67,64,63,32,62,63,67,63,66,65,32,67,65,61,65,62,61,32,61,64,62,61,67,63,32,62,67,61,63,65,61],
    "name": "PlaneGeometry.2",
    "normals": [0.12064,0.988098,-0.095126,-0.093753,0.991363,-0.091556,-0.120884,0.988037,0.095706,0.16831,0.979186,0.113407,-0.332347,0.933683,-0.133305,-0.437391,0.880947,0.180578,0.470138,0.858882,0.203162,0.347758,0.92877,-0.128025,-0.322581,0.886441,0.331797,0.31547,0.884854,0.342692,0.141301,0.925474,-0.351421,-0.136753,0.926969,-0.349284,-0.375042,0.777123,0.505325,0.36607,0.777123,0.511856,0.182165,0.82757,-0.530931,-0.172796,0.82757,-0.534043,-0.438215,0.374035,0.817316,0.423719,0.374035,0.824915,0.256539,0.40553,-0.877316,-0.241005,0.40553,-0.88171,-0.452864,0.87698,-0.160527,-0.597827,0.748985,0.285623,0.5927,0.748985,0.296121,0.455641,0.87698,-0.152532,-0.887539,0.420148,-0.188879,-0.799219,0.402112,0.446669,0.791192,0.402112,0.460707,0.890744,0.420148,-0.173193,0.233253,0,0.972411,0.490066,0,0.87167,-0.241188,0,0.970458,0.641102,0,0.767418,-0.497726,0,0.867306,-0.645131,0,0.764061,0.958892,0,0.283761,-0.958861,0,0.283761,-0.363048,-0.439863,0.821375,-0.106662,-0.405438,0.907865,0.357341,-0.438917,0.824366,0.225135,-0.436323,0.871151,0.134129,-0.764031,0.631062,-0.126713,-0.765984,0.630207,-0.225196,-0.437849,0.870357,0.102603,-0.405072,0.908505,0.500839,-0.864071,-0.050172,0.153691,-0.848689,-0.505997,-0.621204,-0.694479,0.362957,-0.326548,-0.820124,0.469802,0.614246,-0.695029,0.373577,-0.144902,-0.848598,-0.508744,-0.500534,-0.863674,-0.05887,0.317637,-0.82049,0.475234,0.312021,-0.834101,0.454848,0.569964,-0.744957,0.346629,-0.493301,-0.86874,-0.043489,-0.575976,-0.744957,0.336528,-0.320017,-0.834101,0.449263,0.493973,-0.86874,-0.034761,0.140843,-0.875729,-0.461776,-0.132694,-0.875729,-0.464187,0.067019,-0.973144,-0.220191,-0.063143,-0.973144,-0.22132,-0.291635,-0.956481,0.00586,0.199255,-0.951079,0.236061,0.259865,-0.952635,0.157903,-0.262612,-0.952635,0.153294,-0.203406,-0.951079,0.232521,0.291482,-0.956481,0.011017],
    "metadata": {
        "vertices": 68,
        "generator": "io_three",
        "uvs": 0,
        "version": 3,
        "faces": 71,
        "type": "Geometry",
        "normals": 68
    }
}